{"cameraMode":{"drawMode":0,"name":"Shaded","section":"Shading Mode"},"sceneLighting":true,"audioPlay":false,"sceneViewState":{"showFog":true,"showMaterialUpdate":false,"showSkybox":true,"showFlares":true,"showImageEffects":true,"showParticleSystems":true},"in2DMode":false,"pivot":{"x":-7.578712463378906,"y":0.3551753759384155,"z":-12.167135238647461},"rotation":{"x":0.1377226561307907,"y":-0.3614157438278198,"z":0.054068081080913547,"w":0.9205909967422485},"size":7.213612079620361,"orthographic":false}