{"cameraMode":{"drawMode":0,"name":"Shaded","section":"Shading Mode"},"sceneLighting":false,"audioPlay":false,"sceneViewState":{"showFog":true,"showMaterialUpdate":false,"showSkybox":false,"showFlares":true,"showImageEffects":true,"showParticleSystems":true},"in2DMode":false,"pivot":{"x":0.9800000190734863,"y":0.47933122515678408,"z":-9.140000343322754},"rotation":{"x":0.10120531171560288,"y":0.2589297890663147,"z":-0.027290569618344308,"w":0.9601917266845703},"size":2.481628179550171,"orthographic":false}