{"cameraMode":{"drawMode":0,"name":"Shaded","section":"Shading Mode"},"sceneLighting":true,"audioPlay":false,"sceneViewState":{"showFog":true,"showMaterialUpdate":false,"showSkybox":true,"showFlares":true,"showImageEffects":true,"showParticleSystems":true},"in2DMode":false,"pivot":{"x":-7.0215229988098148,"y":0.39910241961479189,"z":-14.248931884765625},"rotation":{"x":0.12643331289291383,"y":0.10631939768791199,"z":-0.013630815781652928,"w":0.9861668348312378},"size":1.8014063835144044,"orthographic":false}