{"cameraMode":{"drawMode":0,"name":"Shaded","section":"Shading Mode"},"sceneLighting":false,"audioPlay":false,"sceneViewState":{"showFog":true,"showMaterialUpdate":false,"showSkybox":false,"showFlares":true,"showImageEffects":true,"showParticleSystems":true},"in2DMode":false,"pivot":{"x":-1.8999996185302735,"y":-0.3529996871948242,"z":9.70942497253418},"rotation":{"x":-0.700231671333313,"y":-0.06623626500368118,"z":0.0655258297920227,"w":-0.7078098058700562},"size":52.458980560302737,"orthographic":false}