{"cameraMode":{"drawMode":0,"name":"Shaded","section":"Shading Mode"},"sceneLighting":true,"audioPlay":false,"sceneViewState":{"showFog":true,"showMaterialUpdate":false,"showSkybox":true,"showFlares":true,"showImageEffects":true,"showParticleSystems":true},"in2DMode":false,"pivot":{"x":-6.302460670471191,"y":0.7008108496665955,"z":-12.642187118530274},"rotation":{"x":-0.18917398154735566,"y":-0.0444718636572361,"z":0.008575746789574623,"w":-0.9808985590934753},"size":1.051011562347412,"orthographic":false}