{"cameraMode":{"drawMode":0,"name":"Shaded","section":"Shading Mode"},"sceneLighting":true,"audioPlay":false,"sceneViewState":{"showFog":true,"showMaterialUpdate":false,"showSkybox":true,"showFlares":true,"showImageEffects":true,"showParticleSystems":true},"in2DMode":false,"pivot":{"x":-6.486147403717041,"y":-1.8176259994506837,"z":-13.720962524414063},"rotation":{"x":-0.5259130597114563,"y":-0.007146670948714018,"z":0.004419439472258091,"w":-0.850496768951416},"size":4.30264949798584,"orthographic":false}